MSE,RMSE,MAE,R2
0.3972171311375275,0.6302516411224389,0.4255928435882966,0.25519118458630885
