MSE,RMSE,MAE,R2,in_comfort_range,median_distance
0.09077107619142374,0.3012823861287343,0.24526157640431048,0.8208792880541167,1.0,0.5467606897223486
