MSE,RMSE,MAE,R2
0.0967379498081097,0.31102724930158404,0.2443771158854181,0.8694756594441365
