MSE,RMSE,MAE,R2,in_comfort_range,median_distance
0.15529788024567825,0.3940785204063757,0.33658950008563165,0.6411086022760575,0.9701492537313433,0.6821434761161235
