MSE,RMSE,MAE,R2
0.2426832029849572,0.49262886941891376,0.3845151579225219,0.5449526851513239
