MSE,RMSE,MAE,R2,in_comfort_range,median_distance
0.5290232001432723,0.7273398106409907,0.632272005081177,0.30771227898372255,1.0,0.34766554832458435
