MSE,RMSE,MAE,R2
0.06559872811047035,0.25612248653812175,0.20327177305479327,0.872772704526062
