MSE,RMSE,MAE,R2,in_comfort_range,median_distance
0.10042526006285105,0.31689944787400787,0.2613240983751088,0.7992044817330826,1.0,0.5623451868693033
