MSE,RMSE,MAE,R2
0.20247347530024826,0.44997052714622127,0.3147646817294037,0.6203486268097067
