MSE,RMSE,MAE,R2,in_comfort_range,median_distance
0.14549634310429183,0.3814398289432972,0.32608184319037914,0.7271845787612521,0.974025974025974,0.768420851075804
