MSE,RMSE,MAE,R2
0.05468117487193332,0.23384006258965406,0.1834168917172917,0.8974691223282293
