MSE,RMSE,MAE,R2,in_comfort_range,median_distance
0.28526124420097504,0.5340985341685325,0.42877018140709944,0.3839847672513985,0.9565217391304348,0.8232562742371491
