MSE,RMSE,MAE,R2,in_comfort_range,median_distance
0.5790522440647298,0.760954823931572,0.6928512857921089,0.2074041872670206,1.0,0.27953489502864065
