MSE,RMSE,MAE,R2
0.05620120826584361,0.23706794018981903,0.15554333248653945,0.9270771371688025
