MSE,RMSE,MAE,R2,in_comfort_range,median_distance
0.15736431766013748,0.3966917161476119,0.34330618348840164,0.7950087881309469,1.0,1.0421364614408324
