MSE,RMSE,MAE,R2
0.5224434456724449,0.7228024942350745,0.6169265202113563,0.32765066172240875
