MSE,RMSE,MAE,R2
0.4767951856085673,0.6905035739288881,0.5741949482967982,0.37785345910253476
