MSE,RMSE,MAE,R2,in_comfort_range,median_distance
0.2359386180451697,0.48573513157395737,0.42408686214023156,0.6912471737685895,1.0,0.6401389492882623
