MSE,RMSE,MAE,R2
0.29733679690817033,0.545285977179104,0.4521406223899442,0.6120198666816691
