MSE,RMSE,MAE,R2
0.3115135437192959,0.5581339836627903,0.4627168629964194,0.5927203480366499
