MSE,RMSE,MAE,R2,in_comfort_range,median_distance
0.5113022608537318,0.7150540265278783,0.6307793208530974,0.3419886121791299,1.0,1.2213574842973198
