MSE,RMSE,MAE,R2
0.49064834354127834,0.7004629494422088,0.6061560692725246,0.36856880521800395
