MSE,RMSE,MAE,R2
0.07109195614764571,0.26663074869122977,0.1992102622985841,0.9072356098846956
