MSE,RMSE,MAE,R2
0.5304514784798237,0.7283209996147466,0.6227204013180425,0.3173448657486144
