MSE,RMSE,MAE,R2
0.32167947265273555,0.5671679404309939,0.45900502014160166,0.5794291891725385
