MSE,RMSE,MAE,R2
0.08128683509683665,0.28510846198742795,0.2139959013307251,0.8953893474198095
